Date,Venue,Group,Participants,Volunteers,"CO2 (kg)","Weight (kg)",Fixed,Repairable,Dead,"Hours Volunteered"
06/01/2020,"West Fleetwood Computer Clinic",,0,1,0,0,0,0,0,12
21/12/2019,"Buckland United Reformed Church",,0,1,0,0,0,0,0,12
14/12/2019,"LDC Kassei",,0,1,0,0,0,0,0,12
07/12/2019,THINQTANQ,,0,1,0,0,0,0,0,12
17/11/2019,"Reading Hackspace rLab",,0,1,0,0,0,0,0,12
16/11/2019,"Buckland United Reformed Church",,0,1,0,0,0,0,0,12
09/11/2019,Tooting,,0,1,0,0,0,0,0,12
09/11/2019,"Jeugdhuis Far",,0,1,0,0,0,0,0,12
20/10/2019,"Reading International Solidarity Centre (RISC)",,0,1,0,0,0,0,0,12
19/10/2019,THINQTANQ,,0,1,0,0,0,0,0,12
19/10/2019,"Buckland United Reformed Church",,0,1,0,0,0,0,0,12
16/10/2019,"Open huis Robinia",,0,1,0,0,0,0,0,12
12/10/2019,"Gildenhuis, Peutie",,0,1,0,0,0,0,0,12
05/10/2019,"Buurtwerk Watersportbaan-Ekkergem",,0,1,0,0,0,0,0,12
01/10/2019,"Repair Café Haacht",,0,1,0,0,0,0,0,12
21/09/2019,"Buckland United Reformed Church",,0,1,0,0,0,0,0,12
15/09/2019,"Reading Hackspace rLab",,0,1,0,0,0,0,0,12
14/09/2019,"Refter van TechnOv",,0,1,0,0,0,0,0,12
07/09/2019,Tooting,,0,1,0,0,0,0,0,12
10/08/2019,Koningslo,,0,1,0,0,0,0,0,12
03/08/2019,THINQTANQ,,0,1,0,0,0,0,0,12
21/07/2019,"Reading International Solidarity Centre (RISC)",,0,1,0,0,0,0,0,12
20/07/2019,"Buckland United Reformed Church",,0,1,0,0,0,0,0,12
13/07/2019,"The Church Centre",,0,1,0,0,0,0,0,12
06/07/2019,"De Pastory en Buurtwerk Dampoort",,0,1,0,0,0,0,0,12
06/07/2019,"TTF Cafe Collective",,0,1,0,0,0,0,0,12
20/06/2019,"Lokaal dienstencentrum Wibier",,0,1,0,0,0,0,0,12
20/06/2019,Testing123,,0,1,0,0,0,0,0,12
19/06/2019,"Open huis Robinia",,0,1,0,0,0,0,0,12
16/06/2019,"Reading Hackspace rLab",,0,1,0,0,0,0,0,12
16/06/2019,"Repair Café Haacht - Wespelaar",,0,1,0,0,0,0,0,12
15/06/2019,"Buckland United Reformed Church",,0,1,0,0,0,0,0,12
15/06/2019,"Abbey Community Centre",,0,1,0,0,0,0,0,12
15/06/2019,"Crediton Methodist Church",,0,1,0,0,0,0,0,12
14/06/2019,Houtem,,0,2,0,0,0,0,0,15
12/06/2019,"Magdala Pub",,16,3,319.98,20,1,0,0,18
09/06/2019,"Creat-A-Con, LCB Depot",,0,7,159.99,10,1,1,1,30
08/06/2019,"The Church Centre",,0,1,0,0,0,0,0,12
06/06/2019,Landen,,0,1,0,0,0,0,0,12
03/06/2019,"Hackney Fixers Party in the Park",,0,4,0,0,0,0,0,21
01/06/2019,THINQTANQ,,0,1,0,0,0,0,0,12
01/06/2019,"Sherwood Methodist Church",,0,1,0,0,0,0,0,12
01/06/2019,"TTF Cafe Collective",,0,1,0,0,0,0,0,12
01/06/2019,"All Saints Church Hall, Marlow",,0,1,0,0,0,0,0,12
31/05/2019,"Victoria Park ",,32,7,392.41,40.64,18,8,7,30
25/05/2019,"Bedpop Repair Shop",,0,1,0,0,0,0,0,12
25/05/2019,"Hinckley Library",,0,1,0,0,0,0,0,12
19/05/2019,"Reading International Solidarity Centre (RISC)",,0,3,0,0,0,0,0,18
19/05/2019,"STPLN Sunday Repair",,0,1,0,0,0,0,0,12
18/05/2019,Tooting,,0,3,0,0,0,0,0,18
18/05/2019,"Ruislip Manor Library",,0,2,0,0,0,0,0,15
18/05/2019,"Buckland United Reformed Church",,0,1,0,0,0,0,0,12
18/05/2019,"Crediton Methodist Church",,0,1,0,0,0,0,0,12
18/05/2019,"St Denys Community Centre",,0,1,0,0,0,0,0,12
18/05/2019,"Upcycle and Repair Fair",,0,5,0,0,0,0,0,24
17/05/2019,"Restart Party at West Hampstead Community Centre",,0,2,0,0,0,0,0,15
13/05/2019,"Rossall Tavern, Fleetwood",,0,1,0,0,0,0,0,12
12/05/2019,"Upper Norwood Library",,0,3,0,0,0,0,0,18
12/05/2019,"STPLN Sunday Repair",,0,1,0,0,0,0,0,12
11/05/2019,"The Goodlife Centre: Prepare to Repair",,0,3,0,0,0,0,0,18
11/05/2019,"The Church Centre",,0,1,0,0,0,0,0,12
11/05/2019,"RCR @ Hostel H",,0,1,0,0,0,0,0,12
11/05/2019,Faubourg,,0,1,0,0,0,0,0,12
11/05/2019,"Monkey Park",,0,1,0,0,0,0,0,12
11/05/2019,"De Meubelfabriek",,0,1,0,0,0,0,0,12
09/05/2019,"VMA, Hringteigur",,0,1,0,0,0,0,0,12
09/05/2019,"Le Réparothon du Centre-Sud!",,0,2,0,0,0,0,0,15
06/05/2019,"Festival Artístic del Barri Antic (FABA)",,0,1,0,0,0,0,0,12
05/05/2019,"#fixfest2019 a torino",,0,1,0,0,0,0,0,12
05/05/2019,"The Hong Kong University of Science and Technology",,0,1,0,0,0,0,0,12
05/05/2019,"STPLN Sunday Repair (REFER)",,0,1,0,0,0,0,0,12
04/05/2019,"Bridge Street Church (Central Leeds)",,0,3,0,0,0,0,0,18
04/05/2019,"Freemantle, Southampton",,0,1,0,0,0,0,0,12
04/05/2019,"TTF Cafe Collective",,0,1,0,0,0,0,0,12
04/05/2019,"Make & Fix Fest, Melton Space",,0,1,0,0,0,0,0,12
02/05/2019,Landen,,0,1,0,0,0,0,0,12
28/04/2019,Moerbeke,,0,14,129.92,21.94,10,6,5,51
28/04/2019,"The Hong Kong University of Science and Technology",,0,1,0,0,0,0,0,12
28/04/2019,"STPLN Sunday Repair",,2,4,39.85,8.05,2,0,0,21
28/04/2019,"STPLN Sunday Repair",,0,1,0,0,0,0,0,12
27/04/2019,"Gem. Basisschool",,0,1,0,0,0,0,0,12
25/04/2019,Deelfabriek,,0,6,83.15,21.38,3,0,0,27
25/04/2019,"Crediton Station Team Rooms",,0,1,0,0,0,0,0,12
24/04/2019,"Rossall Tavern, Fleetwood",,9,7,586.58,15.93,4,4,1,30
20/04/2019,"Buckland United Reformed Church",,33,12,284.65,45.34,8,6,3,45
20/04/2019,"De Pastory en Buurtwerk Dampoort",,0,1,0,0,0,0,0,12
20/04/2019,"Newlands Activity Centre",,0,1,0,0,0,0,0,12
18/04/2019,"Open Huis Oude Bareel",,0,1,0,0,0,0,0,12
16/04/2019,"Leicester Hackspace",,0,1,0,0,0,0,0,12
15/04/2019,"Rossall Tavern, Fleetwood",,9,6,328.33,11.41,2,0,0,27
14/04/2019,"Reading Hackspace rLab",,0,8,382.63,33.6,3,0,1,33
14/04/2019,"The Welsh Mill",,0,1,0,0,0,0,0,12
14/04/2019,"Fabbrica del Vapore",,0,1,0,0,0,0,0,12
14/04/2019,Balen,,0,1,0,0,0,0,0,12
14/04/2019,"STPLN Sunday Repair (REFER)",,12,5,407.73,33.4,3,1,1,24
14/04/2019,"The Hong Kong University of Science and Technology",,0,1,0,0,0,0,0,12
13/04/2019,"Limerick FABLAB",,0,1,111.81,22.5,3,7,2,12
13/04/2019,"The Church Centre",,0,1,0,0,0,0,0,12
13/04/2019,"RCR @ Hostel H",,38,16,275.01,49.89,18,14,3,57
13/04/2019,"Gildenhuis, Peutie",,13,10,15.8,5.4,2,0,2,39
13/04/2019,"Monkey Park",,22,10,210.27,37.35,14,6,7,39
11/04/2019,"Stenkrossen Lund (REFER)",,6,5,165.93,6,4,1,0,24
11/04/2019,"Fablab Torino",,0,1,0,0,0,0,0,12
11/04/2019,"Réparothon Jeunesse au Collège Dawson",,0,1,0,0,0,0,0,12
10/04/2019,"De Ruimtevaart",,0,1,0,0,0,0,0,12
09/04/2019,"Leicester Hackspace",,0,1,0,0,0,0,0,12
07/04/2019,"STPLN Sunday Repair",,6,4,203.81,13.56,4,2,1,21
06/04/2019,"Lausanne - Maison de Quartier Sous-Gare",,30,11,0,0,0,0,0,42
06/04/2019,"Spullenbib Leuven",,0,1,0,0,0,0,0,12
06/04/2019,THINQTANQ,,0,1,225.49,11.93,11,2,0,12
06/04/2019,"Sherwood Methodist Church",,43,12,113.61,17.98,14,11,14,45
06/04/2019,"Bridge Street Church (Central Leeds)",,12,1,126.39,12.51,6,0,0,12
06/04/2019,"Freemantle, Southampton",,0,1,0,0,0,0,0,12
06/04/2019,"TTF Cafe Collective",,0,1,0,0,0,0,0,12
04/04/2019,"Belsize Community Library",,10,9,360.69,14.98,5,6,1,36
04/04/2019,Landen,,0,1,0,0,0,0,0,12
03/04/2019,"Buurtwerk Watersportbaan-Ekkergem",,0,2,0,0,0,0,0,15
02/04/2019,"Leicester Hackspace",,0,1,0,0,0,0,0,12
31/03/2019,"The Hong Kong University of Science and Technology",,10,2,71.64,0.56,4,6,0,15
31/03/2019,"STPLN Sunday Repair",,2,3,142.13,10.6,1,1,0,18
30/03/2019,"Rosie Restart Party",,13,5,13.79,2.64,4,2,3,24
26/03/2019,"Leicester Hackspace",,0,1,0,0,0,0,0,12
24/03/2019,"Stamford Hill Library",,28,7,616.23,29.71,12,16,5,30
24/03/2019,"STPLN Sunday Repair",,0,3,20.4,3.7,2,2,0,18
24/03/2019,Landen,,0,1,0,0,0,0,0,12
24/03/2019,Landen,,15,8,15.61,3.54,2,0,1,33
23/03/2019,"Sportzaal Ymeria, Wijgmaal",,0,1,133.84,16.85,6,4,5,12
23/03/2019,"University of Limerick",,8,1,87.64,1.56,5,3,2,12
23/03/2019,"RePair at REfUSE Cafe",,0,2,0,0,0,0,0,15
23/03/2019,"Biblioteca in Lambrate",,55,6,517.46,46.53,25,6,9,27
23/03/2019,"Nieuw Gent",,25,12,520.61,55.27,10,4,7,45
23/03/2019,"Remake - Marknad och temadag på Mitt Möllan (REFER)",,35,6,84.56,13.99,4,2,0,27
22/03/2019,"Réparothon à l'école Saint-Fabien",,0,3,0,0,0,0,0,18
21/03/2019,"Engim Artigianelli",,5,3,66.38,1.51,2,0,0,18
21/03/2019,"VMA, Hringteigur",,10,4,163.23,22.22,5,6,3,21
20/03/2019,Newlands,,2,3,7.5,1.27,1,1,1,18
19/03/2019,"Leicester Hackspace",,0,1,0,0,0,0,0,12
17/03/2019,"De Repair Marathon van Leuven",,0,3,299.15,9.72,4,3,1,18
17/03/2019,"Coley Park Community Centre",,0,2,0,0,0,1,0,15
17/03/2019,"The Hong Kong University of Science and Technology",,17,3,349.83,5.48,8,6,3,18
17/03/2019,"STPLN Sunday Repair",,11,2,23,2.35,1,1,0,15
17/03/2019,"Repair Café Haacht - Tildonk",,0,1,20.5,7.78,1,0,0,12
16/03/2019,"Buckland United Reformed Church",,48,10,250.02,25.97,13,10,4,39
16/03/2019,"Restart Party at Abbey Community Centre",,25,10,308.13,33.46,10,8,7,39
16/03/2019,"Crediton Methodist Church",,41,18,0,0,0,0,0,63
16/03/2019,"Setmana del Consum Responsable",,0,1,0,0,0,0,0,12
16/03/2019,"St Denys Community Centre",,0,1,0,0,0,0,0,12
16/03/2019,"Ixelles (Formation Analyse des composants électroniques)",,0,2,161.4,2.76,1,0,0,15
15/03/2019,"Big Bang STEM Fair Day One",,0,1,0,0,0,0,0,12
14/03/2019,"Fablab Torino",,1,7,0,0,0,3,0,30
13/03/2019,Buurtloods,,0,1,0,0,0,0,0,12
13/03/2019,"Réparothon Jeunesse au HEC",,0,3,0,0,0,0,0,18
10/03/2019,"Crystal Palace Library of Things",,30,8,150.78,22.75,10,11,9,33
10/03/2019,"STPLN Sunday Repair (REFER)",,11,5,36.91,1.83,4,1,0,24
10/03/2019,"Parrocchia Sacro Cuore",,0,1,0,0,0,0,0,12
09/03/2019,"Monkey Park",,21,11,192.81,27.76,6,4,4,42
09/03/2019,"The Church Centre",,0,1,0,0,0,0,0,12
09/03/2019,"RCR @ Hostel H",,36,18,389.71,13.64,16,10,6,63
09/03/2019,"Jeugdhuis Far",,35,13,140.37,33.16,9,0,3,48
07/03/2019,"Fixatill Lund (REFER Project event)",,25,8,229.5,27.05,7,7,1,33
07/03/2019,"Taula de l'Eix Pere IV - Ca l'Isidret",,0,1,0,0,0,0,0,12
06/03/2019,"Réparothon Jeunesse au Collège Bois-de-Boulogne",,0,2,0,0,0,0,0,15
05/03/2019,"Leicester Hackspace",,0,2,7.9,2.7,1,2,0,15
03/03/2019,"East Oxford Community Centre",,0,1,0,0,0,0,0,12
03/03/2019,"The Hong Kong University of Science and Technology",,23,3,215.28,3.27,2,19,2,18
03/03/2019,"STPLN Sunday Repair",,3,6,145.12,3.26,2,1,0,27
03/03/2019,"Newlands Activity Centre",,2,5,319.05,27.42,2,1,0,24
02/03/2019,"Bridge Street Church (Central Leeds)",,12,2,103.88,23.93,8,5,0,15
02/03/2019,"Freemantle United Reformed Church",,19,7,108.22,30.74,9,2,6,30
02/03/2019,"Buurtwerk Rabot",,0,1,0,0,0,0,0,12
02/03/2019,"South London Maker Festival",,0,5,0,0,0,0,0,24
02/03/2019,"TTF Cafe Collective",,0,1,0,0,0,0,0,12
02/03/2019,"All Saints Church Hall",,0,1,130.24,16.88,9,2,3,12
02/03/2019,"Berkeley Public Library",,0,1,0,0,0,0,0,12
26/02/2019,"Eskmouth Scout Hall",,10,7,32,2,1,1,0,30
26/02/2019,"Mobile Social Congress",,0,1,0,0,0,0,0,12
24/02/2019,"STPLN Sunday Repair",,3,3,68.05,13.74,2,1,0,18
23/02/2019,"Limerick FabLAB",,0,1,92.88,11.88,4,8,0,12
23/02/2019,"Hub 67 - Hackney Wick",,35,12,511.44,64.89,18,15,2,45
23/02/2019,"The Atkins Building",,0,2,0,0,0,0,0,15
22/02/2019,"Lokaal dienstencentrum De Waterspiegel",,33,1,1203.95,118.89,15,0,1,12
21/02/2019,"Réparothon Jeunesse au Collège Ville-Marie",,0,3,0,0,0,0,0,18
21/02/2019,"VMA, Hringteigur",,9,3,253.41,15.03,3,3,2,18
20/02/2019,"Open huis Robinia",,43,1,730.88,114.37,16,4,1,12
20/02/2019,"Lokaal dienstencentrum Wibier",,37,1,923.8,97.77,23,2,2,12
17/02/2019,"Reading Hackspace rLab",,25,9,418.23,25.08,13,1,12,36
17/02/2019,"STPLN Sunday Repair",,4,5,61.15,11.3,2,1,1,24
17/02/2019,"Repair Café Drongen",,45,13,271.89,36.78,9,5,8,48
16/02/2019,"Buckland United Reformed Church",,60,9,414.44,55.04,21,10,2,36
16/02/2019,"Kinning Park Complex",,20,10,38.33,6.7,8,3,2,39
16/02/2019,"Bedpop Repair Shop",,30,5,1149.5,72.97,19,8,8,24
14/02/2019,"De ruimtevaart",,30,7,138.11,10.41,7,6,5,30
10/02/2019,"STPLN Sunday Repair",,5,5,129.13,2.26,1,3,3,24
09/02/2019,"Townhill Park Community Centre",,0,1,0,0,0,0,0,12
09/02/2019,"Monkey Park",,29,8,713.42,69.36,15,4,8,33
09/02/2019,"The Church Centre",,49,8,415.31,62.97,20,7,9,33
09/02/2019,"LDC Kassei",,21,9,46.66,15.53,5,1,7,36
07/02/2019,"Fixatill Lund (REFER Project event)",,16,5,10.21,3.4,2,6,0,24
05/02/2019,"Réparothon Jeunesse au Collège Montmorency",,0,4,0,0,0,0,0,21
03/02/2019,"STPLN Sunday Repair",,3,4,17.34,3.89,2,1,1,21
02/02/2019,"Limerick FABLAB",,10,4,185.12,3.56,5,8,2,21
02/02/2019,"Sherwood Methodist Church, Nottingham",,33,8,232.93,32.06,17,12,4,33
02/02/2019,"Bridge Street Church",,0,2,0,0,0,0,0,15
02/02/2019,Southampton,,33,10,91.04,14.96,13,4,14,39
02/02/2019,"Floreffe Gare",,30,18,13.3,2.84,1,0,3,63
02/02/2019,"Fearon Hall",,0,2,300.79,21.38,5,3,1,15
02/02/2019,"Forres Repair Café",,0,1,0,0,0,0,0,12
31/01/2019,"Réparothon au Parcours Gouin",,0,5,0,0,0,0,0,24
28/01/2019,Brunnenviertel,,0,1,0,0,0,0,0,12
27/01/2019,"Prepare to Repair",,0,3,166.12,31.31,8,3,2,18
27/01/2019,"STPLN Sunday Repair",,0,3,109.5,21.8,2,1,0,18
26/01/2019,"Sportzaal Ymeria, Wijgmaal",,0,1,844.76,72.72,17,6,8,12
25/01/2019,Geneva,,1,1,23.85,7.05,1,0,0,12
24/01/2019,"VMA, Hringteigur",,0,8,176.26,4.25,5,9,2,33
20/01/2019,"Reading International Solidarity Centre (RISC)",,40,10,496.92,80.15,15,6,4,39
20/01/2019,"STPLN Sunday Repair",,5,4,131.15,2.52,2,2,1,21
20/01/2019,"Repair Café Haacht - Wakkerzeel",,0,1,0,0,0,0,0,12
19/01/2019,"Hackney Fixers Restart Party - The Redmond Centre, Manor House",,40,9,237.05,37.2,15,20,4,36
19/01/2019,"Buckland United Reformed Church",,36,7,495.75,73.09,10,11,5,30
19/01/2019,"Crediton Methodist Church hall",,44,26,0,0,0,0,0,87
19/01/2019,Southampton,,0,1,0,0,0,0,0,12
17/01/2019,"Réparothon Jeunesse à l'école Édouard-Montpetit",,0,2,0,0,0,0,0,15
13/01/2019,"Upper Norwood Library",,38,12,720.76,34.09,20,11,4,45
13/01/2019,"STPLN Sunday Repair",,5,6,176.01,5.47,3,1,2,27
12/01/2019,"Porte aperte all'ENGIM",,1,2,9.44,1.19,1,1,0,15
12/01/2019,"Monkey Park",,20,8,265.17,28.62,11,4,2,33
08/01/2019,"Richmond Makerlabs Open Event",,0,2,0,0,0,0,0,15
06/01/2019,"Makespace Oxford",,0,1,0,0,0,0,0,12
06/01/2019,"STPLN Sunday Repair",,3,1,16.42,1.16,3,0,0,12
05/01/2019,"Aosta - Lo Pan Ner",,0,1,0,0,0,0,0,12
16/12/2018,"Repar Café Ter Vlierbeek",,0,1,0,0,0,0,0,12
16/12/2018,STPLN,,5,4,267.42,25.86,6,3,0,21
15/12/2018,Portsmouth,,47,10,884.1,53.43,13,4,3,39
09/12/2018,"Fixa Julen @ Stadsbiblioteket!",,21,6,345.11,15.76,4,2,0,27
08/12/2018,Tooting,,30,4,137.64,20.38,10,9,2,21
08/12/2018,"Monkey Park",,0,1,227.55,23.56,6,1,2,12
02/12/2018,"Make Smthg Week @ Casa dell'Ambiente",,5,4,25.81,2.84,2,3,1,21
02/12/2018,STPLN,,4,3,193.31,14.35,3,0,0,18
01/12/2018,THINQTANQ,,18,6,134.4,11.7,6,4,0,27
01/12/2018,"Abbey Community Centre",,21,7,90,12.78,6,9,7,30
01/12/2018,"Bridge Street Church",,0,1,0,0,0,0,0,12
01/12/2018,"All Saints Church Hall",,0,3,32.45,11,4,2,2,18
01/12/2018,Southampton,,21,8,98,24.29,8,2,9,33
01/12/2018,"TTF Café Collective",,8,2,81.65,19.17,4,2,1,15
01/12/2018,Graceworks,,10,11,30.41,1.14,2,7,1,42
29/11/2018,"Archer Academy (Finchley)",,22,5,44,3.66,4,3,1,24
26/11/2018,Brunnenviertel,,12,4,0,0,0,0,0,21
26/11/2018,Brunnenviertel,,13,6,65.45,13.09,6,0,2,27
26/11/2018,Brunnenviertel,,0,1,6.08,0.78,3,0,0,12
26/11/2018,"Jornades UPC Reutilitza",,0,1,162.13,4.76,2,1,3,12
25/11/2018,"The Hong Kong University of Science and Technology",,17,3,290.32,3.52,10,7,0,18
25/11/2018,STPLN,,11,6,69.15,11.8,3,1,2,27
24/11/2018,"Totnes Civic Hall",,32,6,338.74,31.89,12,7,4,27
24/11/2018,"Broomhill Gardens and Community Hub",,9,1,25.11,4.38,4,0,0,12
24/11/2018,"N9 fabriek",,0,1,0,0,0,0,0,12
24/11/2018,"Milano Cascina Cuccagna, Giacimenti Urbani",,15,6,169.07,5.45,8,4,2,27
22/11/2018,"VMA, Hringteigur",,9,5,141.67,2.16,4,0,7,24
18/11/2018,"Reading Hackspace, rLab",,8,11,147.34,29.13,10,1,3,42
18/11/2018,STPLN,,4,3,22.53,1.55,3,1,0,18
17/11/2018,Portsmouth,,57,12,150.88,19.54,12,11,3,45
17/11/2018,"Crediton Methodist Church hall",,36,29,254.52,28.95,10,0,7,96
17/11/2018,"Limerick FabLAB",,12,6,177.45,3.84,6,4,3,27
17/11/2018,"Kinning Park Complex",,26,5,61.59,12.9,4,5,2,24
17/11/2018,Southampton,,14,7,97.12,5.17,5,3,5,30
17/11/2018,Bookique,,0,1,0,0,0,0,0,12
15/11/2018,"Restart @Engim",,6,2,0,0,0,3,0,15
11/11/2018,"Upper Norwood Library",,18,5,135.21,29.24,8,4,4,24
11/11/2018,"Hong Kong University of Science and Technology",,22,3,125.52,1.07,5,20,1,18
11/11/2018,"STPLN, Malmö",,4,2,31.34,0.17,3,3,2,15
10/11/2018,"Granville Community Centre (Kilburn)",,20,7,111.23,16.29,6,11,8,30
10/11/2018,"Pont Saint Martin - Valle d'Aosta",,8,1,103.81,7.29,4,3,0,12
10/11/2018,"Monkey Park",,0,2,120.73,7.62,5,3,3,15
10/11/2018,"Fiksefest på Manglerud senter",,32,14,570.38,37.05,20,8,2,51
08/11/2018,"VMA, Hringteigur",,0,1,0,0,0,0,0,12
08/11/2018,"Restart Party @ FabLab #43",,6,4,15.4,3.97,2,3,0,21
07/11/2018,"Réparothon jeunesse - Polytechnique",,0,4,0,0,0,0,0,21
04/11/2018,"In.Te.Se.  Settimana del riuso, Savigliano",,5,7,256.89,5.55,5,4,1,30
03/11/2018,"Sherwood Methodist Church",,37,10,113.13,12.61,11,13,5,39
03/11/2018,"Ruislip Manor Library",,18,5,151.35,21.9,9,9,3,24
03/11/2018,Southampton,,31,9,465.03,47.71,15,7,11,36
31/10/2018,"In.Te.Se. Settimana del riuso, Savigliano",,4,3,0.64,0.04,1,0,2,18
28/10/2018,"STPLN, Malmö",,1,4,9.44,1.19,1,2,0,21
27/10/2018,"BOW Café Ymeria",,40,13,949.35,86.09,20,7,2,48
27/10/2018,"Homerton Library",,34,5,232.24,9.75,11,8,7,24
27/10/2018,"Kingsgate Community Centre",,5,8,7.9,2.7,1,3,3,33
27/10/2018,TEDxGracia,,0,1,0,0,0,0,0,12
27/10/2018,"Aosta - Cittadella",,10,4,43.97,9.33,9,2,0,21
27/10/2018,"Linux Day Torino 2018",,8,7,329.34,6.66,3,4,0,30
26/10/2018,"Cambridge Kids' at Arts Picturehouse",,0,1,0,0,0,0,0,12
24/10/2018,"Réparothon jeunesse au collège Rosemont",,0,3,0,0,0,0,0,18
22/10/2018,"Mundo B",,0,3,199.2,9.15,1,1,0,18
21/10/2018,"The Oasis",,0,2,0,0,0,0,0,15
21/10/2018,"Chiesa della Salute",,1,2,3,0.69,1,0,0,15
20/10/2018,"Kentish Town Community Centre",,16,4,57.15,4.42,5,10,1,21
20/10/2018,Portsmouth,,47,12,271.26,34.9,8,6,4,45
20/10/2018,"The Goodlife Centre",,5,6,5.7,1.24,3,5,0,27
20/10/2018,"Bedpop Repair Shop",,23,7,271.4,25.98,9,3,3,30
20/10/2018,"Norsk teknisk museet",,40,13,116.18,21.63,10,7,3,48
20/10/2018,"Kinning Park Complex",,20,8,8.55,1.4,1,1,1,33
16/10/2018,"Réparothon à la maire de Verdun",,45,7,984.65,20.47,16,19,7,30
14/10/2018,"Cafe Berghof",,0,1,0,0,0,1,0,12
14/10/2018,"STPLN, Malmö",,5,4,54.77,18.5,1,1,1,21
13/10/2018,Tooting,,27,5,156.84,13.63,8,8,0,24
13/10/2018,"Chesterfield Monkey Park",,0,1,32.75,9.06,11,7,5,12
11/10/2018,"VMA, Hringteigur",,3,5,53.88,0.51,1,1,0,24
11/10/2018,"LEGO LOVE m/ fiksefest for elektronikk (Lego Love with Repair party)",,31,14,555.58,30.29,19,6,6,51
10/10/2018,"Contamination Lab, Piazza di Fiera",,0,1,113.06,12.09,6,3,0,12
07/10/2018,Soham,,0,1,0,0,0,0,0,12
07/10/2018,"Fixa Grejen ",,10,8,79.79,1.15,4,2,1,33
07/10/2018,"Repair Café Haacht - Don Bosco",,0,1,0,0,0,0,0,12
06/10/2018,Scrapstore,,12,5,79.99,5,1,0,0,24
06/10/2018,"Chiesa Metodista di Milano",,16,9,302.27,19.91,11,3,3,36
06/10/2018,"TTF Café Collective",,3,1,2.31,0.7,1,1,0,12
06/10/2018,"Fixit Clinic Berkeley Public Library",,50,19,226.4,42.05,16,17,4,66
06/10/2018,"The Wantage Mix",,10,5,317.54,34.38,5,4,2,24
06/10/2018,Southampton,,25,6,153.58,31.95,10,6,6,27
03/10/2018,"Fixa Grejen, Malmö",,15,11,38.14,11.59,4,0,1,42
30/09/2018,"The Goodlife Centre (Bankside)",,9,5,198.03,16.51,5,4,0,24
30/09/2018,STPLN,,4,5,146.31,8.14,4,3,0,24
29/09/2018,"GIRO GIRO Tondo…si Rialza IL Mondo! - 40° Restart Party",,10,8,39.11,5.68,3,4,3,33
29/09/2018,"Leicester Hackspace",,4,4,0,0,1,2,0,21
28/09/2018,"Réparothon à Insertech",,0,8,0,0,0,0,0,33
24/09/2018,"Lush Showcase #2",,40,5,250.74,1.96,14,6,0,24
23/09/2018,"Lush Showcase #1",,40,1,322.38,2.52,18,0,0,12
22/09/2018,"Chesterton, Cambridge",,0,1,0,0,0,0,0,12
22/09/2018,"The BIG FIX - Hackney's fourth festival of repair",,27,8,355.04,40.12,10,14,3,33
22/09/2018,"La Mercè - Plaça Catalunya",,0,2,0,0,0,0,0,15
16/09/2018,"RISC main hall",,0,2,691.35,53.3,21,5,1,15
16/09/2018,"STPLN, Malmö",,4,5,239.98,15,1,3,0,24
15/09/2018,Leytonstone,,40,10,313.01,33.92,18,14,7,39
15/09/2018,"Maakbaar Leuven @Fablab KULeuven",,24,12,573.79,38.16,11,18,1,45
15/09/2018,Portsmouth,,40,7,495.52,46.78,11,4,8,30
15/09/2018,Southampton,,16,6,51.61,6.73,4,1,7,27
13/09/2018,"VMA, Hringteigur",,4,4,8.26,0.26,2,2,0,21
09/09/2018,"Upper Norwood Library",,28,7,419.17,43.2,9,11,8,30
01/09/2018,"Sherwood Methodist Church",,16,7,55.41,8.92,5,9,3,30
01/09/2018,"Kingsgate Community Centre",,15,8,60.84,11.93,5,8,2,33
01/09/2018,"TTF Café Collective",,2,2,129.13,2.26,1,1,0,15
01/09/2018,"All Saints Church Hall, Marlow",,0,2,0,0,0,0,0,15
01/09/2018,Southampton,,14,7,154.95,9.21,6,2,6,30
31/08/2018,"Forskningsparken Fiksefest",,0,1,0,0,0,0,0,12
25/08/2018,"Kinning Park Complex",,20,8,0,0,0,0,2,33
18/08/2018,"Abbey Community Centre",,10,7,41.91,10.48,6,3,1,30
16/08/2018,"Brixton: Angell Delight Community Centre",,24,6,436.56,32.96,9,13,2,27
04/08/2018,Tooting,,15,3,67.19,2.71,5,2,0,18
04/08/2018,"TTF Café Collective",,3,2,32,2,1,0,1,15
04/08/2018,"The Wantage Mix",,8,3,96.49,8.04,4,1,1,18
04/08/2018,Southampton,,22,8,195.02,34.53,10,3,6,33
21/07/2018,"Leytonstone ",,45,7,203.24,36.39,9,11,11,30
21/07/2018,Portsmouth,,51,8,613.82,35.9,15,3,11,33
21/07/2018,"Kingsgate Community Centre",,14,3,174.14,18.42,5,5,4,18
21/07/2018,"Kinning Park Glasgow",,23,1,18.83,1.61,4,5,3,12
15/07/2018,rLab,,0,1,0,0,0,0,0,12
08/07/2018,"Crystal Palace Library of Things ",,17,5,96.4,14.41,7,6,4,24
07/07/2018,"Party in the Park (London Fields)",,30,7,404.72,34.39,13,11,7,30
07/07/2018,"TTF Repair Café 3.14",,4,2,0,0,0,2,1,15
07/07/2018,"The Wantage Mix",,0,1,28,9.05,3,1,4,12
07/07/2018,Southampton,,15,5,258.18,32.94,6,4,7,24
01/07/2018,Brentford,,0,1,0,0,0,0,0,12
01/07/2018,"Milano Nerd",,0,4,32,2,2,0,0,21
23/06/2018,"Kinning Park Complex",,20,4,58.53,5.99,4,2,1,21
17/06/2018,"East Reading Festival",,2,1,0,0,0,0,0,12
16/06/2018,Portsmouth,,26,8,268.02,17.44,3,1,3,33
16/06/2018,Aylesbury,,0,1,0,0,0,0,0,12
14/06/2018,"Fablab di Officine Innesto",,0,1,0,0,0,0,0,12
09/06/2018,"Ickenham Festival",,15,4,42.43,6.23,5,5,2,21
09/06/2018,HackSapce,,10,6,253.75,11.02,6,2,1,27
07/06/2018,"Remakery Brixton",,17,9,609.82,58.82,13,5,2,36
05/06/2018,"Camden Town",,15,5,21.26,2.57,4,8,3,24
02/06/2018,"Sherwood Methodist Church",,31,1,352.26,25.97,12,8,7,12
02/06/2018,"The Wantage Mix",,16,3,75.06,11.19,3,3,1,18
02/06/2018,"Restart Party @ Fablab / MiniMakerFaire",,5,5,27.2,1.7,2,3,1,24
02/06/2018,"TTF Café Collective",,5,3,38.52,5.76,5,1,0,18
02/06/2018,Southampton,,24,5,326.7,33.68,7,5,8,24
27/05/2018,Grangetown,,0,1,0,0,0,0,0,12
26/05/2018,"Kinning Park Complex",,20,8,28.4,10.48,2,0,1,33
26/05/2018,"Restart Party Aosta",,0,1,3,0.69,1,0,0,12
24/05/2018,"Maison du développement durable",,0,1,1026.96,29.87,13,17,6,12
20/05/2018,"Reading Repair Cafe",,3,4,48,3,1,0,0,21
20/05/2018,"Fiksefest for elektriske leker - Kirkeristen",,12,7,65.41,8.8,8,0,3,30
19/05/2018,Leytonstone,,26,15,279.07,17.54,10,11,4,54
19/05/2018,"The Loop @ Pembury",,18,4,114.69,14.26,5,10,1,21
19/05/2018,Portsmouth,,34,8,178.24,20.36,5,6,3,33
19/05/2018,Southampton,,16,5,205.08,33.85,9,2,4,24
13/05/2018,Tooting,,24,6,662.08,36.4,9,6,5,27
13/05/2018,"Cascina Cuccagna",,30,8,790.96,39.91,13,8,8,33
12/05/2018,"Kingsgate Community Centre",,10,8,276.28,26.59,7,4,6,33
12/05/2018,"Poble Sec",,0,3,0,0,0,0,0,18
10/05/2018,"Restart Party @ Fablab #2",,2,3,161.4,2.76,1,0,0,18
09/05/2018,"Verkmenntaskólinn á Akureyri",,0,1,0,0,0,0,0,12
09/05/2018,"Fab Lab Ísafjörður - Iceland",,0,1,0,0,0,0,0,12
09/05/2018,"Fab Lab Ísafjörður - Iceland",,3,5,17.91,0.14,1,0,1,24
07/05/2018,"St Mary's Community May Fayre",,1,1,0,0,0,0,1,12
05/05/2018,"The Wantage Mix",,16,3,17,4.07,4,0,2,18
05/05/2018,"TTF Repair Café 2.0",,8,4,84.42,17.03,6,1,0,21
05/05/2018,"BFUU Fellowship Hall",,81,46,402.5,89.38,28,12,5,147
05/05/2018,Lindeberglokalet,,21,8,705.54,34.1,11,5,4,33
05/05/2018,Southampton,,26,7,158.55,18.79,7,7,10,30
01/05/2018,"Restart Center ECFS",,6,6,441.11,7.2,6,0,0,27
24/04/2018,"Réparothon à l'Espace Desjardins",,110,1,9807.52,208.68,98,3,23,12
22/04/2018,"Crystal Palace",,22,8,192,14.72,7,8,3,33
21/04/2018,"Stoke Newington",,25,6,751.9,56.54,16,11,5,27
21/04/2018,Portsmouth,,33,7,221.47,20.04,4,7,0,30
21/04/2018,"Abbey Community Centre",,20,8,628.24,30.65,18,5,8,33
21/04/2018,"Beaumont Shopping Centre",,6,5,105.35,4.23,2,3,0,24
21/04/2018,"Deichman Hovedbibliotek",,0,1,0,0,0,0,0,12
19/04/2018,"Remakery Brixton",,21,13,586.04,57.07,10,9,2,48
15/04/2018,RISC,,0,1,0,0,0,0,0,12
11/04/2018,"Fab Lab Ísafjörður - Iceland",,8,5,9.5,2.8,2,5,0,24
11/04/2018,"Restarters Akureyri með Restart vinnustofu",,15,4,41.41,8.61,3,9,3,21
07/04/2018,"Sherwood Methodist Church",,18,4,129.11,9.76,14,16,10,21
07/04/2018,"Kingsgate Community Centre",,22,6,844.62,53.54,16,8,10,27
07/04/2018,"The Wantage Mix",,22,6,357.71,32.59,15,4,1,27
07/04/2018,Milan,,20,7,216.89,7.03,4,4,4,30
07/04/2018,"TTF Café Collective",,2,2,20.5,7.78,1,1,0,15
07/04/2018,Southampton,,20,7,93.57,18.1,19,6,4,30
06/04/2018,"Restart Party @ Fablab",,9,2,137.03,4.96,2,0,0,15
05/04/2018,"Réparothon à l'école Saint-Fabien",,30,1,1252.15,31.89,11,10,1,12
01/04/2018,"Restart Center",,9,9,161.19,1.26,9,0,0,36
01/04/2018,"Restart Center",,14,14,214.92,1.68,12,2,0,51
25/03/2018,"The Goodlife Centre",,11,7,123.25,16.94,4,6,1,30
24/03/2018,"Fixit Clinic Berkeley Public Library",,48,23,383.33,38.48,18,18,2,78
22/03/2018,"GUEPE, Parcours Gouin",,35,1,708.09,17.48,8,8,8,12
18/03/2018,"Stamford Hill Library",,27,6,445.18,47.29,12,8,4,27
18/03/2018,rLab,,3,10,192.69,18.32,11,6,0,39
17/03/2018,"Portsmouth (Trial Session)",,6,4,145.87,15.22,5,2,0,21
14/03/2018,"Restart Iceland - Akureyri ",,12,5,99.71,10.54,5,5,2,24
10/03/2018,"Mini Restart at Creat-a-Con",,2,4,54.75,10.9,1,1,0,21
06/03/2018,"Colosseum minigjenbruksstasjon",,49,12,1303.24,109.67,27,9,12,45
03/03/2018,"TTF Repair Café",,10,4,7.9,2.7,1,1,3,21
03/03/2018,"Fixit Clinic Berkeley Public Library",,43,15,153.01,30.74,17,9,4,54
25/02/2018,"Crystal Palace Library of Things ",,30,15,444.85,36.86,15,9,2,54
24/02/2018,"Cottenham Community Centre",,0,1,0,0,0,0,0,12
24/02/2018,"Òmnia Verdum",,0,3,0,0,0,0,0,18
23/02/2018,"Richmond MakerLabs Open day",,15,5,496.31,21.91,4,4,3,24
22/02/2018,"Belsize Community Library",,17,13,145.11,14.32,9,8,6,48
22/02/2018,"Collège Ville-Marie",,35,12,2054.36,59.04,17,13,3,45
18/02/2018,RISC,,25,12,324.47,24.55,18,6,2,45
17/02/2018,"The Arbury Swap, Collect and Fix-Fest",,0,1,0,0,0,0,0,12
13/02/2018,,,70,12,1617.45,80.25,9,16,1,45
10/02/2018,Florence,,0,2,0,0,0,0,0,15
04/02/2018,"Royston Repair Cafe 16",,0,1,0,0,0,0,0,12
03/02/2018,"The Redmond Centre, Manor House",,21,8,318.72,34.73,11,7,3,33
03/02/2018,"Sherwood Methodist Church",,26,4,133.92,12.92,9,12,4,21
03/02/2018,"The Wantage Mix",,15,3,24.84,8.74,3,1,3,18
03/02/2018,Southampton,,13,7,133.75,3.67,3,2,6,30
02/02/2018,"Restart Center",,0,1,0,0,0,0,0,12
01/02/2018,"Restart Center",,0,0,0,0,0,0,0,21
01/02/2018,"Restart Center",,15,15,472.69,6.53,13,2,0,54
28/01/2018,"The Goodlife Centre",,23,6,38.4,11.42,5,12,1,27
27/01/2018,Florence,,0,2,0,0,0,0,0,15
27/01/2018,"LCIL West End Neighbourhood Centre",,16,9,139.13,20.49,5,11,2,36
25/01/2018,"Université de Montréal",,25,7,624.11,9.97,8,9,2,30
21/01/2018,"Reading International Solidarity Centre",,7,9,32,2,2,0,0,36
20/01/2018,"Queens Park Arts Centre",,39,9,185.93,15.14,8,13,1,36
17/01/2018,"Hack Manhattan",,0,2,0,0,0,0,0,15
16/01/2018,"Eco Concern",,0,3,0,0,0,0,0,18
14/01/2018,"Kingsgate Community Centre",,17,8,469.3,40.65,9,12,4,33
01/01/2018,"Restart Center",,11,11,509.2,7.98,8,2,1,42
18/12/2017,"Kentish Town ",,16,13,850.58,20.88,12,3,4,48
17/12/2017,Florence,,0,2,0,0,0,0,0,15
09/12/2017,Southwark,,21,6,231.87,12.13,9,7,5,27
09/12/2017,"Leicester Hackspace",,8,5,290.91,9.25,6,1,2,24
07/12/2017,"Université de Montréal",,30,7,2453.38,42.94,19,9,1,30
02/12/2017,Merton,,9,4,58.68,0.81,3,6,0,21
02/12/2017,"via Giambellino 58 Milano",,5,4,101,13.43,5,1,0,21
02/12/2017,Southampton,,11,6,242.41,15.05,4,2,5,27
01/12/2017,"Restart Center",,9,9,272.41,3.38,9,0,0,36
29/11/2017,Hackney,,22,3,380.93,28.42,11,7,4,18
25/11/2017,"Barking and Dagenham",,11,9,855.17,35.14,10,3,7,36
25/11/2017,Brentford,,5,2,62.65,13.6,2,1,2,15
25/11/2017,"The Wantage Mix",,8,3,169.41,26.25,6,1,2,18
25/11/2017,"Molecola Legambiente Torino",,7,4,169.63,6.03,3,3,1,21
25/11/2017,"Deichmanske bibliotek",,45,14,647.08,63.73,19,18,8,51
22/11/2017,Llangollen,,0,1,0,0,0,0,0,12
19/11/2017,"Museo A come Ambiente",,10,3,0,0,1,3,4,18
18/11/2017,"City of London",,29,5,692.6,31.98,17,9,3,24
18/11/2017,"Abbey Community Centre",,25,4,499.76,46.77,13,8,6,21
18/11/2017,"Cittadella dei Giovani",,10,5,186.57,6.06,8,0,0,24
18/11/2017,"Cascina Cuccagna",,10,7,492.58,44.11,5,5,3,30
18/11/2017,"Espai 30",,0,3,0,0,0,0,0,18
18/11/2017,Southampton,,6,3,2.5,1.04,1,2,2,18
15/11/2017,Nottingham,,3,2,33,2.5,1,2,0,15
11/11/2017,Cambridge,,144,4,17.5,3.3,3,5,3,21
11/11/2017,Bexley,,8,5,298.18,9.13,6,9,1,24
11/11/2017,Bra,,0,3,0,0,0,0,0,18
11/11/2017,"Leicester Hackspace",,3,7,85.97,27.87,5,4,0,30
04/11/2017,Chingford,,21,4,312.68,45.01,15,13,3,21
04/11/2017,Ruislip,,16,4,197.95,28.41,12,5,3,21
04/11/2017,"Florence ",,0,2,0,0,0,0,0,15
04/11/2017,Southampton,,12,7,59.87,17.93,4,4,4,30
01/11/2017,"Restart Center",,12,12,466.07,6.63,10,2,0,45
28/10/2017,Abington,,0,1,0,0,0,0,0,12
28/10/2017,Homerton,,30,5,746.52,56.68,15,6,9,24
28/10/2017,"Milan, viale Palmanova 59",,9,5,373.55,34.17,8,1,2,24
28/10/2017,"Linux Day Torino 2017",,4,4,458.47,8.92,4,1,0,21
25/10/2017,"Athlone Hall ",,7,5,212.84,7.95,6,2,1,24
25/10/2017,"Polytechnique Montréal",,50,1,997.8,29.76,8,20,0,12
24/10/2017,"Romsås ombruksstasjon",,17,4,882.59,47.41,12,4,0,21
22/10/2017,"Insertech - 4820, rue Molson",,20,8,1212.55,19.75,12,4,0,33
21/10/2017,Tooting,,19,4,87.94,10.96,4,5,5,21
21/10/2017,Cottenham,,0,4,0,0,0,0,0,21
21/10/2017,"Leytonstone ",,34,5,355.93,39.63,17,14,6,24
21/10/2017,"DMU Queens Building",,6,3,31.35,8.32,2,2,1,18
18/10/2017,Llangollen,,19,5,65.92,9.29,6,2,1,24
14/10/2017,Kingston,,8,3,133.75,3.67,4,4,1,18
07/10/2017,"Museum of London",,20,12,833.83,18.06,14,7,3,45
07/10/2017,Southampton,,11,5,81.61,8.54,4,3,4,24
01/10/2017,"Shelford ",,0,1,0,0,0,0,0,12
01/10/2017,"Vezza d'Alba ",,0,1,313.75,8.79,4,1,3,12
01/10/2017,"Restart Center",,16,16,692.05,10.66,12,2,2,57
30/09/2017,Histon,,0,1,0,0,0,0,0,12
30/09/2017,"Westminster ",,28,5,848.23,24.85,13,10,5,24
26/09/2017,Richmond,,10,4,369.5,21.69,7,3,1,21
24/09/2017,"Lingotto Fiere, Torino",,3,4,35.82,0.28,2,0,1,21
23/09/2017,"Stoke Newington",,38,7,461.71,50.61,14,15,9,30
23/09/2017,"Centro anziani di Villa Bracci",,0,2,0,0,0,0,0,15
23/09/2017,Basingstoke,,12,3,558.64,45.72,13,1,2,18
23/09/2017," Chiesa Evangelica Metodista",,16,8,455.07,36.92,9,0,0,33
16/09/2017,Leytonstone,,49,11,579.95,63.77,22,12,9,42
09/09/2017,"Kingsgate Community Centre, Kilburn",,21,6,289.2,40.5,3,16,5,27
09/09/2017,"Tower Hamlets",,19,4,497.23,21.1,8,10,3,21
03/09/2017,"Grünerløkka bibliotek",,51,11,358.03,48.09,20,14,13,42
02/09/2017,Sabadell,,0,3,0,0,0,0,0,18
02/09/2017,Southampton,,10,6,57.06,11.6,2,3,5,27
29/08/2017,"Maison du développement durable ",,40,9,2520,48.73,21,14,7,36
12/08/2017,"ÉCOSPHÈRE - Hangar 16, Vieux-Port de Montréal",,30,9,1269.89,21.36,11,6,3,36
05/08/2017,Agronomía,,75,14,252.13,44.62,18,4,4,51
05/08/2017,Southampton,,22,8,244.35,54.94,9,1,11,33
02/08/2017,"FabLab Limerick",,6,2,89.55,0.7,5,1,0,15
22/07/2017,"Queens Park Arts Centre",,50,8,197.56,34.78,15,13,3,33
22/07/2017,"Mind Andover",,14,5,268.88,34.67,8,2,1,24
21/07/2017,Southampton,,16,4,129.8,13.4,7,3,4,21
19/07/2017,Tooting,,15,4,67.97,11.06,3,4,2,21
15/07/2017,Leytonstone,,30,8,994.73,90.45,21,5,2,33
09/07/2017,"Giardini Zamenhof",,6,3,161.4,2.76,1,2,3,18
04/07/2017,"Archer Academy",,0,12,0,0,0,0,0,45
04/07/2017,Uxbridge,,5,3,72.37,12.65,4,1,1,18
01/07/2017,"Comunes - Centro Cultural Matienzo",,38,1,372.7,59.38,28,0,9,12
01/07/2017,Southampton,,8,5,47.8,7.4,3,3,1,24
30/06/2017,"corso palestro 14G Italy",,15,14,2289.56,96.51,20,4,1,51
24/06/2017,"London Fields",,57,6,894.16,53.52,15,20,8,27
24/06/2017,"CeDEL Barrio 31",,45,1,1676.95,58.1,43,0,13,12
18/06/2017,"Sinio, CN, Italia",,8,5,37.25,3.14,5,1,2,24
17/06/2017,Leytonstone,,50,14,452.03,42.57,23,12,8,51
17/06/2017,"Leicester Hackspace ",,6,4,72.09,14.79,3,1,1,21
17/06/2017,"Torshovdalen aktivitetshus",,31,8,537.4,47.61,16,12,3,33
17/06/2017,"Barcelona Espai Fontana",,0,1,111.25,21.87,4,1,0,12
15/06/2017,Blå,,45,10,543.17,35.61,20,10,12,39
12/06/2017,"Kentish Town Community Centre",,14,9,109.15,16.01,7,5,1,36
10/06/2017,"Milano - via Agordat",,24,9,107.03,12.49,5,5,3,36
10/06/2017,"Corso Marconi",,5,3,161.4,2.76,1,0,0,18
10/06/2017,"Portal Ambiental Villa 20",,35,1,225.47,51.4,9,0,9,12
10/06/2017,"Piazzale dei Marmi, 57126 Livorno",,1,6,17.91,0.14,1,0,0,27
04/06/2017,"London - Bankside",,0,12,0,0,0,0,0,45
03/06/2017,CheLA,,58,1,608.33,77.1,25,0,5,12
03/06/2017,Southampton,,15,5,103.64,18.29,9,1,4,24
28/05/2017,"Feria de Comsumo Responsable",,30,1,302.02,64.18,15,0,7,12
24/05/2017,"Kilburn - Abbey Community Centre",,24,10,392.59,33.51,12,9,12,39
20/05/2017,,,44,10,746.03,67.84,18,13,15,39
20/05/2017,"C.so Palestro 14/g [Torino]",,15,10,105.91,13.46,6,0,0,39
18/05/2017,"Archer Academy",,12,3,0,0,0,0,0,18
17/05/2017,"CAFÉ LE 5ÈME - 290 rue de la Montagne, Montréal (Québec) H3C 2B1 Canada",,20,5,1244.94,32.51,10,2,0,24
14/05/2017,Turin,,7,15,53.88,0.51,1,1,0,54
13/05/2017," Via di Montughi, 1, 50134 Firenze",,10,8,294.62,33.74,8,1,0,33
11/05/2017,"Archer Academy",,10,1,645.63,11.3,5,0,0,12
10/05/2017,"33 Central Park West, New York, NY 10023",,27,6,3486.38,61.02,27,0,0,27
09/05/2017,"Brixton Pound Café",,21,6,190.52,26.9,6,8,1,27
08/05/2017,"Cittadella dei Giovani - Aosta via Garibaldi 7",,10,9,99.26,13.64,7,5,2,36
06/05/2017,Leicester,,10,6,231.95,19.06,4,2,1,27
06/05/2017,"Westedals, Oslo",,30,14,585.79,28.41,16,11,4,51
06/05/2017,Southampton,,14,5,150.33,7.8,3,0,5,24
03/05/2017,Limerick,,10,3,179.1,1.4,10,0,0,18
01/05/2017,"3901 Fieldston Road, Bronx, NY 10471",,17,17,393.62,4.75,17,0,0,60
22/04/2017,"Leytonstone Restart Party",,41,7,339.94,37.93,16,13,13,30
22/04/2017,"Via delle Caldaie, 18, 50125 Firenze",,5,8,65.31,6.63,5,2,0,33
22/04/2017,"Turin Restart Party",,4,15,152.98,9.31,2,0,1,54
19/04/2017,"University of Limerick",,11,3,197.01,1.54,11,0,0,18
19/04/2017,"INSERTECH - 2600 rue William-Tremblay, Montréal, QC, H1Y 3J2",,104,20,8309.47,234.32,58,29,16,69
13/04/2017,"Belsize Park Restart Party ",,0,11,459.01,28.23,10,2,3,42
12/04/2017,"GAZM - Montréal",,15,8,914.9,27.34,6,0,1,33
01/04/2017,"Tooting Restart Party",,28,6,134.04,29.89,10,6,2,27
01/04/2017,"Piazza Etrusca, 5, 50061 Compiobbi (FI)",,10,8,131.01,24.34,7,1,2,33
01/04/2017,"3901 Fieldston Road, Bronx, NY 10471",,8,8,254.5,3.24,8,0,0,33
01/04/2017,Southampton,,11,4,61.4,12.98,3,0,7,21
30/03/2017,"3901 Fieldston Road Bronx, NY ",,9,9,272.41,3.38,9,0,0,36
29/03/2017,"FACULTÉ DE L’AMÉNAGEMENT DE L’UNIVERSITÉ DE MONTRÉAL - 2940 Chemin de la Côte-Sainte-Catherine Montréal (QC) H3C 3J7",,35,8,2711.63,47.46,21,3,1,33
25/03/2017,"Leicester Hackspace",,16,11,563.35,96.62,12,3,2,42
25/03/2017,"Club Natural y Popular - Montevideo",,42,11,359.85,68.91,28,1,5,42
22/03/2017,"Barcelona UPC ETSEIB",,0,3,431.76,30.86,4,5,5,18
19/03/2017,"Bankside Restart Party",,22,11,45.8,5.87,3,6,2,42
18/03/2017,"Shoreditch Library",,33,10,820.55,52.41,16,21,3,39
18/03/2017,"Ickenham Restart Party",,19,5,127.19,25.03,14,6,2,24
11/03/2017,"Fieramilanocity,  padiglioni 3 e 4, via Colleoni, GATE 4",,6,8,60.47,9.91,4,0,2,33
08/03/2017,"Basil Jellicoe Hall, Euston",,14,7,495.96,17.31,5,5,3,30
08/03/2017,"ESPLANADE - 6750, avenue de l’Esplanade, bureau 102 Montréal (QC) H2V 4M1",,25,8,516.5,9.04,4,5,1,33
04/03/2017,"Furuset bibliotek og aktivitetshus",,30,11,515.24,22.76,13,9,5,42
04/03/2017,Southampton,,11,5,0,0,0,2,7,24
02/03/2017,"London School of Economics",,15,5,803.69,14.99,9,6,1,24
28/02/2017,"Honour Oak Pub",,0,10,145.15,3.94,4,1,0,39
28/02/2017,"Barcelona Mobile Social Congress 2017",,0,1,0,0,0,0,0,12
27/02/2017,"Kentish Town Community Centre",,16,8,136.54,21.44,10,9,0,33
23/02/2017,"COLLÈGE VILLE-MARIE, rue Sherbrooke Est",,33,13,2106.09,45.85,19,11,3,48
11/02/2017,"Ilford Salvation Army",,16,9,707.84,25.75,9,6,4,36
11/02/2017,"Curious Garden, La Floresta",,0,3,184.97,11.31,3,6,3,18
05/02/2017,"The Goodlife Centre, Bankside",,0,8,228.84,19.42,6,13,1,33
04/02/2017,"Viale Guidoni, 170/172, 50127 Firenze",,19,9,697.78,66.67,13,1,0,36
04/02/2017,Turin,,0,1,0,0,0,0,0,12
04/02/2017,Southampton,,15,4,196.99,23.33,7,0,5,21
02/02/2017,"ÉTS - 1100, rue Notre-Dame Ouest",,15,5,570.38,9.55,5,11,0,24
31/01/2017,"3901 Fieldston Road Bronx, NY ",,8,8,143.28,1.12,8,0,0,33
31/01/2017,Southampton,,3,1,12.52,4.11,3,0,0,12
28/01/2017,"The Redmond Centre, Manor House",,45,6,808.86,58.22,19,28,2,27
28/01/2017,"Brentwood Restart Party",,21,8,310.99,47.05,21,19,6,33
28/01/2017,"Piazza della Libertà, 12, 50129 Firenze",,22,10,688.83,44.12,15,2,3,39
28/01/2017,"Leicester Hackspace - Innovation Centre on 49 Oxford St",,7,5,6.72,0.02,1,4,0,24
28/01/2017,"Deichmanske Hovedbibliotek",,50,22,1185.67,57,24,16,7,75
17/01/2017,"Heath Street Baptist Church, Hampstead",,18,8,281.76,10.76,5,9,3,33
14/01/2017,"YATTA! Viale Pasubio, 12-16",,15,8,506.55,34.22,12,2,3,33
31/12/2016,"3901 Fieldston Road Bronx, NY ",,5,5,311.98,4.94,5,0,0,24
18/12/2016,"Via Fratelli Carli, 75, 50065 Pontassieve (FI) ",,7,8,178.8,11.08,5,0,2,33
11/12/2016,"Feria de Consumo Responsable",,32,1,418.87,96.05,18,0,9,12
10/12/2016,"Leicester Hackspace",,7,6,53.02,5.36,3,4,0,27
08/12/2016,"Viale del Visarno, 14, 50144 Firenze",,12,8,109.32,26,9,0,3,33
04/12/2016,"Parque Tres de Febrero",,39,1,56.08,12.57,10,0,6,12
03/12/2016,"Ilford - Fulwell Cross Library",,24,9,627.74,31.67,12,3,8,36
03/12/2016,Southampton,,8,3,54.75,10.9,1,1,6,18
30/11/2016,"3901 Fieldston Road Bronx, NY ",,6,6,107.46,0.84,6,0,0,27
28/11/2016,Turin,,0,1,0,0,0,0,0,12
26/11/2016,"Golden Lane Community Centre, City of London",,34,9,1159.42,75.29,21,8,10,36
26/11/2016,"Milan, via Cuccagna 2/4",,10,6,208.43,33.87,12,0,2,27
26/11/2016,"Festival de Innovación Social - Montevideo",,34,10,247.8,40.22,10,0,3,39
26/11/2016,"Via Aretina, 246/A/B, 50065 Sieci (FI)",,8,8,1330.09,85.42,12,0,0,33
24/11/2016,Dagenham,,23,9,804.72,17.25,12,4,7,36
23/11/2016,"Woolwich, The Barnfield Hub",,11,6,666.81,12.82,11,2,4,27
22/11/2016,"City Hall, Queen's Walk, London, E1 2AA",,9,5,153.02,2.49,5,4,2,24
20/11/2016,"Parque Centenario",,66,1,234.81,40.36,19,1,12,12
19/11/2016,"Homerton Library",,35,5,1000.28,50.15,12,21,5,24
19/11/2016,"Merton ",,12,5,589.9,11.88,6,4,1,24
19/11/2016,"Boedo Odd CG",,34,1,748.83,47.99,35,0,5,12
16/11/2016,"Havering, Romford Baptist Church",,20,6,187.07,24.14,9,6,5,27
13/11/2016,Sentralen,,40,18,829.71,49.79,27,8,5,63
12/11/2016,"Tooting, Mushkil Aasaan",,35,5,387.55,28.1,7,9,4,24
12/11/2016,Palermo,,29,1,350.28,47.74,32,3,10,12
09/11/2016,"Sutton Central Library, Sutton ",,10,4,87.75,13.4,2,1,0,21
05/11/2016,"Westminster, Abbey Centre",,24,7,1059.19,43.11,15,4,3,30
05/11/2016,Southampton,,9,5,204.38,20.94,6,0,1,24
04/11/2016,"legislatura porteña",,49,1,200.67,28.15,9,0,2,12
02/11/2016,"Canning Town Library",,16,1,331.72,14.55,6,6,2,12
02/11/2016,Lindeberglokalet,,8,5,159.54,3.4,3,3,1,24
31/10/2016,"3901 Fieldston Road Bronx, NY ",,7,7,236.59,3.1,7,0,0,30
29/10/2016,"Walthamstow, Priory Court Community Centre",,16,8,396.24,24.08,7,6,4,33
29/10/2016,Zürich,,0,1,0,0,0,0,0,12
29/10/2016,"Leicester Hackspace",,6,7,161.4,2.76,1,5,1,30
26/10/2016,"Croydon, Bernard Weatherill House",,6,4,129.13,2.26,1,3,3,21
22/10/2016,"Islington, Finsbury Library",,30,6,1185.5,32.46,14,6,7,27
22/10/2016,"BORRAR / DELETE",,0,1,0,0,0,0,0,12
22/10/2016,"Via Frà Diamante, 12/A, 50143 Firenze",,6,8,289.21,23.43,4,2,0,33
21/10/2016,"ÉCO-QUARTIER ROSEMONT – LA PETITE-PATRIE - 5679,  rue Fullum, Montréal, Québec, H2G 2H6",,10,5,774.75,13.56,6,3,1,24
18/10/2016,"Kingston, Richard Mayo Centre",,18,4,583.7,29.42,7,3,3,21
16/10/2016,Turin,,0,1,0,0,0,0,0,12
15/10/2016,"Wembley, Yellow Pavilion",,25,5,216.33,51.26,13,4,4,24
15/10/2016,"Waltham Abbey Library",,6,5,10.82,0.81,3,1,5,24
15/10/2016,"Piazza P. Togliatti, 50018 Scandicci (FI)",,11,8,102.19,12.04,7,1,2,33
08/10/2016,"East Ham Library",,12,5,24.94,3.17,4,7,2,24
08/10/2016,"Ruislip Manor Library",,13,6,73.76,6.38,9,5,6,27
01/10/2016,"Somerset House",,0,1,589.16,20.08,6,4,3,12
01/10/2016,Southampton,,6,3,199.2,9.15,1,5,0,18
30/09/2016,"3901 Fieldston Road Bronx, NY ",,1,1,17.91,0.14,1,0,0,12
25/09/2016,"Taller Humano - Tecnópolis",,35,9,324.83,72.67,12,0,2,36
24/09/2016,"Via Enrico Forlanini, 1, 50127 Firenze",,12,9,150.4,27,4,0,2,36
22/09/2016,"Camden Maiden Lane Estate",,18,4,163,6.67,5,4,3,21
17/09/2016,"Stoke Newington Library",,33,10,813.14,51.57,16,20,5,39
17/09/2016,"L'Anfiteatro Martesana, Milan",,8,6,221.24,26.42,8,0,0,27
17/09/2016,"Leicester Hackspace",,12,7,169.3,5.46,2,4,0,30
10/09/2016,"Harold Hill Community Centre, Gooshays Drive, Romford",,23,5,398.68,46.45,14,9,6,24
03/09/2016,Southampton,,11,4,319.2,32.91,5,1,4,21
28/08/2016,"Monticello d'Alba, CN, Italia",,5,5,53.91,3.33,3,1,1,24
28/08/2016,"P.za Madama Cristina, Turin",,2,4,6.5,0.15,1,1,0,21
21/08/2016,"Taller Humano-Tecnópolis",,32,9,243.35,50.4,7,0,7,36
09/08/2016,Tooting,,32,6,104.83,7.65,5,3,5,27
06/08/2016,"Leicester Hackspace",,4,8,166.72,3.75,3,1,0,33
06/08/2016,Southampton,,7,4,214.81,12.69,3,0,3,21
26/07/2016,"Belsize Community Library",,35,9,543.73,33.49,11,7,3,36
16/07/2016,Turin,,0,1,0,0,0,0,0,12
09/07/2016,"Salvation Army, Clements Road, Ilford",,17,5,609.1,25.18,8,2,9,24
09/07/2016,"Sure We Can (Brooklyn, NY)",,45,1,60.67,12.87,9,0,1,12
02/07/2016,"Neti - Colegiales",,162,22,1170.99,200.15,70,0,12,75
02/07/2016,Southampton,,7,3,0,0,2,0,3,18
26/06/2016,"Bossolasco, CN, Italia",,3,6,31.21,2.98,2,1,0,27
25/06/2016,"Barking Learning Centre",,14,6,334.52,19.42,7,3,3,27
25/06/2016,"LabCafe' via Scrosati 9, Lorenteggio",,6,5,384.92,18.34,8,1,1,24
25/06/2016,"Leicester Hackspace ",,3,5,215.28,3.27,2,4,0,24
24/06/2016,"Somerset House Utopia Fair",,57,10,295.43,9.2,10,4,1,39
21/06/2016,Tooting,,18,4,143.09,4.75,4,3,1,21
21/06/2016,"Centro Cultural Matienzo - Villa Crespo",,60,10,185.22,32.18,19,0,6,39
20/06/2016,"3901 Fieldston Road, Bronx, NY",,4,8,215.13,3.18,4,0,0,33
12/06/2016,Turin,,0,1,0,0,0,0,0,12
11/06/2016,"London Fields",,21,8,319.47,22.41,12,27,7,33
11/06/2016,"Centro Metropolitano de Diseño - Barracas",,39,11,239.56,44.97,16,0,4,42
11/06/2016," Via Faentina, 43r, 50133 Firenze",,13,8,226.36,18.3,8,2,2,33
11/06/2016,"P.za Madama Cristina, Turin",,0,1,0,0,0,0,0,12
08/06/2016,"Barcelona, Design week",,0,1,40.9,5.2,2,3,2,12
06/06/2016,"Stratford Library, The Grove, Stratford, London, E15 1EL",,14,6,490.38,10.41,7,4,3,27
05/06/2016,"Festival Ministerios de Ambiente y Desarrollo Sustentable de Nación - Bernal",,23,6,12.19,3.84,3,0,1,27
04/06/2016,Southampton,,6,4,142.43,5.1,2,1,2,21
29/05/2016,"P.za Carlo Alberto, Turin",,5,4,385.46,14.21,4,1,0,21
28/05/2016,"Barcelona, Festa Verde",,0,1,27.84,3.1,3,3,1,12
25/05/2016,"Hornchurch Library, Havering",,14,5,315.83,26.21,10,3,6,24
25/05/2016,"33 Central Park West, New York, NY 10025",,70,5,9038.75,158.2,70,0,0,24
22/05/2016,"Novello, CN, Italia",,9,5,181.94,13.03,5,3,1,24
22/05/2016,"MRF,Turin",,0,5,0,0,0,0,0,24
21/05/2016,"The Ideas Hub, Market Road,  Chelmsford",,5,5,137.62,22.4,7,1,0,24
18/05/2016,"Basil Jellicoe Hall",,35,6,651.08,14.75,11,11,2,27
14/05/2016,"Shacklewell School",,21,9,450.17,13.85,11,14,6,36
14/05/2016,"Vinovo, CN, Italia",,6,5,149.46,6.84,4,2,1,24
14/05/2016,"Milan, via Cuccagna 2/4",,8,4,17.91,0.14,1,0,0,21
14/05/2016,"Leicester Hackspace",,2,3,71.85,10.05,2,3,0,18
07/05/2016,"Val di Pesa Via Roma, 37, 50026 San Casciano in Val di Pesa (FI)",,12,8,57,6.91,7,0,5,33
07/05/2016,Southampton,,4,2,95.75,26.46,3,1,1,15
30/04/2016,"Alba, CN, Italia",,7,5,689.65,25.32,5,1,1,24
30/04/2016,"Universidad Libre del Ambiente - Córdoba",,20,5,81.5,19.09,9,1,3,24
21/04/2016,"3901 Fieldston Road, Bronx, NY 10471",,12,11,286.01,3.82,13,0,0,42
20/04/2016,"South London Makerspace",,29,7,159.23,7.26,7,5,1,30
17/04/2016,"Milano, viale Bligny 42",,11,6,480.56,27.69,7,0,1,27
16/04/2016,"Via Palazzuolo, 8, 50123 Firenze",,8,10,307.47,38.55,7,0,2,39
15/04/2016,"Victoria and Albert Museum, Cromwell Road, London, SW7 2RL",,12,3,33.85,1.47,3,4,3,18
13/04/2016,"Kentish Town Community Centre",,25,7,9.44,1.19,1,12,3,30
09/04/2016,"Dalston CLR James Library",,30,9,190.57,10.57,14,15,8,36
09/04/2016,"Leicester Hackspace",,10,8,451.92,33.11,7,10,0,33
09/04/2016,"CheLA - Parque Patricios",,34,11,79.16,19.59,16,0,1,42
02/04/2016,Southampton,,6,3,2.31,0.7,1,2,2,18
29/03/2016,"Primrose Hill Community Centre",,35,10,551.79,29.2,11,7,3,39
21/03/2016,Dwaynamics,,34,5,208.17,3.9,8,6,2,24
20/03/2016,"Espace Populaire - Aosta via Mochet, 7",,11,6,698.98,81.2,7,2,3,27
16/03/2016,TripAdvisor,,12,5,260.65,4.71,8,3,0,24
12/03/2016,"Arcola Theatre, 24 Ashwin St., London E8 3DL",,20,10,162.6,3.51,4,21,0,39
10/03/2016,"Ethical Culture Fieldston School",,7,11,161.34,1.35,7,0,0,42
05/03/2016,"Leicester Hackspace",,10,10,148,23.95,5,4,1,39
05/03/2016," Piazza Etrusca, 5, 50061 Compiobbi (FI) ",,22,9,1055.6,86.85,22,0,3,36
05/03/2016,Southampton,,4,3,2.31,0.7,1,0,2,18
04/03/2016,"London's City Hall",,45,4,916.75,13.93,15,9,4,21
29/02/2016,"3901 Fieldston Road, Bronx, NY 10471",,4,8,215.13,3.18,4,0,0,33
25/02/2016,"Barcelona, Hangar",,0,1,176.26,25.84,8,3,2,12
23/02/2016,"Barcelona, Mobile Social Congress 2016",,0,1,560.22,12.02,7,5,2,12
20/02/2016,Tooting,,35,8,138.66,17.93,11,10,5,33
14/02/2016,"Centro Cultural Matienzo - Villa Crespo",,62,6,169.6,35.19,16,0,5,27
10/02/2016,"Kentish Town Community Centre",,32,9,414.03,27.65,10,3,4,36
08/02/2016,"Fab Lab Bariloche ",,0,1,9.03,0.72,2,0,1,12
06/02/2016,"Chiesa Valdese di Milano, via Sforza 12/a Milano",,15,11,1001,76.69,17,0,1,42
06/02/2016,Southampton,,11,4,21.72,4.21,4,1,3,21
31/01/2016,"3901 Fieldston Road, Bronx, NY 10471",,9,11,143.28,1.12,8,0,1,42
25/01/2016,"Abbey Community Centre",,25,6,456.34,24.17,9,5,4,27
23/01/2016,"Redmond Centre",,28,12,371.81,37.29,17,13,5,45
23/01/2016,"Leicester Hackspace",,4,8,7.9,2.7,1,3,0,33
18/01/2016,"Queen's College, Cambridge University",,15,3,559.96,35,2,1,0,18
16/01/2016,"Via S. Romano, 1, 50135 Firenze",,18,7,528.95,35.28,10,0,7,30
11/01/2016,"Brixton Pound Store",,33,8,447.87,17.78,9,8,1,33
24/12/2015,"3901 Fieldston Road, Bronx, NY 10471",,10,11,322.59,4.02,10,0,0,42
20/12/2015,"Bra, CN, Italia",,9,5,165.67,5.7,7,2,0,24
19/12/2015,"Barcelona, Design market",,0,1,32.45,4.72,5,6,0,12
19/12/2015,"Piu' Spazio Quattro, Turin",,0,1,0,0,0,0,0,12
15/12/2015,"Kentish Town Community Centre",,35,12,517.87,11.83,7,10,3,45
12/12/2015,"Leicester Hackspace",,5,6,131.34,12.43,4,3,0,27
05/12/2015,"Via Vittorio Emanuele II, 135, 50134 Firenze",,20,8,222.84,12.57,9,1,6,33
05/12/2015,Southampton,,5,4,302.6,19.35,4,0,0,21
01/12/2015,"Imperial College London",,40,3,976.19,17.3,14,8,0,18
29/11/2015,"Artizan Street Library",,0,1,0,0,0,0,0,12
28/11/2015,"Holy Trinity Church, Tulse Hill",,32,5,907.9,45.16,14,7,6,24
28/11/2015,"Via dell’Agnolo, 1/D, 50122 Firenze",,11,7,222.04,12.11,7,0,3,30
28/11/2015,"Piu' Spazio Quattro, Turin",,0,1,0,0,0,0,0,12
22/11/2015,"Via CImaros, Turin",,0,1,0,0,0,0,0,12
21/11/2015,"St Mark's Dalston",,46,12,760,65.66,27,18,10,45
14/11/2015,"Via Panciatichi, 10-14, 50141 Firenze",,2,5,17.91,0.14,1,1,0,24
07/11/2015,Southampton,,5,2,13.21,4.09,3,0,1,15
31/10/2015,"Alba, CN, Italia",,7,4,87.59,6.05,4,3,1,21
31/10/2015,"Piazzale Corvetto Milano",,15,8,501.64,39.27,9,2,3,33
31/10/2015,"Friends Meeting House, Leicester",,73,13,215.21,31.81,9,21,3,48
20/10/2015,Remakery,,24,8,816.69,29.25,11,3,0,33
17/10/2015,"Lingotto Fiere, Torino",,0,1,0,0,0,0,0,12
11/10/2015,"Via Santa Reparata, 12, 50129 Firenze",,18,8,246.65,42.7,12,0,0,33
10/10/2015,"Gayton Library",,17,5,81.15,4.38,5,8,1,24
07/10/2015,"Harold Hill Salvation Army",,0,1,0,0,0,0,0,12
05/10/2015,"Kentish Town Community Centre",,24,6,129.13,2.26,1,0,0,27
03/10/2015,"Barcelona, Aula Ambiental Sagrada Familia",,0,1,549.63,30.18,13,5,8,12
03/10/2015,Southampton,,7,2,74.7,15.82,4,0,2,15
27/09/2015,"Alba, CN, Italia",,9,5,314.16,5.29,4,3,1,24
27/09/2015,"Ponte Amedeo IX Il Beato, Parco Dora, Torino",,7,4,174.33,11.28,6,1,0,21
26/09/2015,Tooting,,20,3,474.26,9.79,5,6,1,18
26/09/2015,"Grazebrook School",,15,7,724.95,18.96,8,13,2,30
26/09/2015,"leicester hackspace",,4,5,88.85,11.55,3,2,0,24
19/09/2015,"Pavillions Shopping Centre",,14,8,189.39,17.03,6,3,2,33
08/09/2015,"The Old Laundry, Kings Cross",,23,8,495.79,10.29,8,3,4,33
05/09/2015,"Via Enrico Forlanini 1 Firenze",,20,9,89.96,18.79,7,1,2,36
05/09/2015,Southampton,,10,3,7.9,2.7,1,4,3,18
23/08/2015,Remakery,,28,7,799.08,21.78,13,3,2,30
22/08/2015,"Leicester Hackspace",,10,4,65.9,7.2,4,2,0,21
11/08/2015,"Kentish Town Community Centre",,30,8,780.34,26.9,11,5,3,33
01/08/2015,Southampton,,7,2,15.61,3.54,2,1,2,15
25/07/2015,"Gayton Library",,10,5,52.94,2.9,3,6,1,24
23/07/2015,"Salvation Army, Romford, London",,26,6,243.63,11.54,7,5,7,27
18/07/2015,"leicester hackspace",,5,7,172.84,16.96,5,0,0,30
12/07/2015,"C.so Svizzera, Turin",,0,1,0,0,0,0,0,12
11/07/2015,"Tooting ",,26,6,487.85,45.93,12,6,0,27
11/07/2015,"London Fields",,33,15,508.94,22.65,13,18,4,54
04/07/2015,Southampton,,4,3,0,0,1,1,2,18
02/07/2015,Southampton,,6,5,4.62,1.41,2,0,3,24
29/06/2015,"Grafton Pub Camden ",,29,16,534.4,14.05,7,3,3,57
16/06/2015,"The Machines Room",,3,4,12.5,1,1,2,0,21
14/06/2015,"Colorno, PR, Italia",,3,4,54.75,10.9,1,2,0,21
06/06/2015,"Istituto Comprensivo Barsanti, via Lunga 94, Firenze",,10,6,49.9,4.86,5,0,1,27
06/06/2015,Southampton,,11,3,23,8.82,2,0,4,18
31/05/2015,"Via Mont Pascal 35, Candiolo",,0,1,0,0,0,0,0,12
28/05/2015,"Hornchurch Library, London",,28,5,293.91,38.03,11,5,3,24
23/05/2015,"Cuneo, CN, Italia",,7,5,2.03,0.26,1,2,0,24
16/05/2015,"leicester hackspace",,3,4,77.27,16.32,4,2,0,21
09/05/2015,"The Petchey Academy",,13,8,153.53,10.84,4,11,2,33
09/05/2015,"Via dell'Agnolo 1/D, Firenze",,30,10,482.46,48.38,12,0,10,39
08/05/2015,"Selfridges London",,0,1,0,0,0,0,0,12
05/05/2015,Athlone,,34,6,693.95,12.58,8,6,4,27
01/05/2015,"Selfridges London",,25,4,96.84,4.56,8,5,2,21
26/04/2015,"Espace Populaire - Aosta via Mochet, 7",,12,7,792.37,67.9,9,2,1,30
26/04/2015,Turin,,0,1,0,0,0,0,0,12
25/04/2015,Tooting,,35,5,379.8,15.3,8,6,7,24
15/04/2015,"Havering Town Hall",,16,5,266.15,7.22,3,0,2,24
12/04/2015,"Corneliano d'Alba, CN, Italia",,8,5,2.26,0.88,1,2,1,24
12/04/2015,Milano,,10,4,286.37,5.41,3,0,1,21
07/04/2015,"Kentish Town Community Centre",,30,6,435.28,34.61,9,5,5,27
28/03/2015,"Biblioteca di Scandicci, via Roma 38, Scandicci",,25,7,217.1,31.79,13,0,7,30
21/03/2015,"Holy Trinity",,22,7,198.4,14.43,4,2,6,30
21/03/2015,"Kingsmead Community Center",,24,10,1068.11,72.48,9,14,6,39
04/03/2015,"Cinema Palestrina, Milano",,5,5,20.5,7.78,1,1,1,24
03/03/2015,Roma,,4,2,71.09,2.14,1,1,0,15
01/03/2015,"Cinema Colonna, Lungarno Ferrucci 23 Firenze",,20,8,46.18,5.26,7,0,8,33
28/02/2015,"Spazio Yatta! Viale Pasubio 14, Milano",,5,5,147.05,5.72,4,0,3,24
17/02/2015,Holloway,,19,6,75.24,13.06,5,1,5,27
14/02/2015,Tooting,,29,9,446.54,24.09,9,3,1,36
07/02/2015,"Tunisie Vélorution Office",,14,5,703.95,44,8,0,0,24
01/02/2015,"Espace Populaire - Aosta va Mochet, 7",,23,9,814.75,84.12,14,8,2,36
24/01/2015,"The Redmond Centre, Manor House",,27,12,601.53,42.89,13,16,1,45
24/01/2015,"Circolo ARCI Isolotto, Via Cesare Maccari, 104, 50142 Firenze FI",,25,9,260.49,11.04,7,1,14,36
17/01/2015,"Maison de L'Image. Tunis",,18,5,330.76,13.64,7,1,0,24
14/01/2015,"Steeles Pub",,34,13,235.31,23.65,8,5,4,48
13/12/2014," Librarie La Passion du Libr' ere Tunis",,20,5,413.13,24.55,10,1,0,24
06/12/2014,Tooting,,25,12,514.57,19.64,9,3,1,45
06/12/2014,Southampton,,6,4,43.4,6.24,3,0,2,21
29/11/2014,"Via dell’Agnolo, 1/D, 50122 Firenze",,20,6,66.15,10.59,9,0,11,27
29/11/2014,"Via Martiri della Liberta', Turin",,0,1,0,0,0,0,0,12
27/11/2014,"Dragon Hall",,20,14,339.44,15.98,6,2,1,51
22/11/2014,"Arcola Theatre",,25,12,626.89,22.62,12,15,4,45
16/11/2014,"via cherubini, turin",,0,1,0,0,0,0,0,12
01/11/2014,Southampton,,7,3,15.8,5.4,2,0,1,18
18/10/2014,"Holy Trinity",,20,5,245.92,7.29,7,5,4,24
14/10/2014,Euston,,25,7,615.97,12.91,10,8,6,30
07/10/2014,"Pixel Trade Office",,6,2,154.17,6.99,4,0,0,15
05/10/2014,"Piazza Mario Rapisardi, 6, 50019 Sesto Fiorentino (FI)",,13,7,207.14,18.32,8,1,4,30
05/10/2014,"c.so Umbria, turin",,0,1,0,0,0,0,0,12
04/10/2014,Southampton,,5,4,170.03,7.46,3,0,2,21
27/09/2014,"Kentish Town Community Centre",,25,9,1266.74,47.82,16,1,2,36
27/09/2014,"Alba, CN, Italia",,0,1,0,0,0,0,0,12
27/09/2014,"Chiesa Valdese di Milano, via Sforza 12/a Milano",,10,14,573.56,48.79,9,1,1,51
20/09/2014,"Morningside Community Centre",,24,12,316.39,15.46,9,13,6,45
13/09/2014,"ATAC Office (Association Tunisienne d'Action pour le Cinéma)",,8,3,249.87,25.38,6,0,0,18
09/09/2014,Tooting,,35,13,344.04,37.15,16,12,9,48
07/09/2014,"Cuneo, CN, Italia",,0,1,0,0,0,0,0,12
07/09/2014,"p.za della vittoria, turin",,0,1,0,0,0,0,0,12
26/08/2014,"Abbey Community Centre",,30,15,770.73,34.57,13,2,8,54
23/08/2014,"Murazzi, Turin",,0,1,0,0,0,0,0,12
09/08/2014,"Al Bawsala Office (NGO)  ",,5,2,193.31,14.35,3,2,0,15
29/07/2014,"Bra, CN, Italia",,0,1,0,0,0,0,0,12
19/07/2014,"Barolo, CN, Italia",,19,6,234,46.14,6,4,0,27
13/07/2014,"Via Giachino 30, Turin",,6,6,111.66,14.92,5,0,1,27
10/07/2014,"Dartmouth Arms",,30,9,869.93,34.04,12,4,7,36
09/07/2014,"Matera, PZ, italia",,7,2,0,0,0,1,1,15
08/07/2014,"Matera, PZ, italia",,5,2,124.97,2.65,2,0,0,15
07/07/2014,"Cuneo, CN, Italia",,0,1,0,0,0,0,0,12
28/06/2014,"London Fields",,32,19,240.84,51.64,14,19,4,66
25/06/2014,"LDN makerspace",,25,11,436.18,18.12,7,5,3,42
12/06/2014,"Steeles Pub",,40,14,615.23,10.55,9,6,5,51
07/06/2014,"Cogite Coworking Space",,6,3,250.43,24.45,6,0,0,18
25/05/2014,"LDN makerspace",,25,0,423.69,24.06,8,4,7,21
24/05/2014,"Savigliano, CN, Italia",,0,1,0,0,0,0,0,12
18/05/2014,"via Oddino Morgari 14, Torino",,10,4,297.67,23.03,5,5,1,21
10/05/2014,"El Teatro. Tunis",,18,5,561.3,20.4,8,1,1,24
10/05/2014,"Via dell’Agnolo, 1/D, 50122 Firenze",,8,8,66.91,3.64,3,0,5,33
06/05/2014,"Athlone Community Hall",,30,10,543.53,29.97,10,9,5,39
30/04/2014,"Southwyck House",,25,8,642.47,24.34,8,11,5,33
12/04/2014,"Abney Park",,20,7,621.23,12.57,15,14,5,30
12/04/2014,"Centre Culturel Rihet Lebled. Monfleury. Tunis",,13,5,442.4,35.43,9,0,0,24
04/04/2014,Southampton,,7,4,199.2,9.15,1,3,1,21
29/03/2014,"Kentish Town Community Centre",,25,0,407.79,18.42,7,5,8,21
29/03/2014,"Via Marsuppini, 9, 50125 Firenze",,20,7,621.32,32.43,11,0,5,30
08/03/2014,"Effra Social",,40,0,502.85,19.41,9,7,15,21
08/03/2014,"Café Culturel Whatever Saloon",,10,4,335.17,17.09,5,1,2,21
23/02/2014,"via Errico Giachino 30, Torino",,22,6,243.58,30.73,8,3,6,27
19/02/2014,"Kentish Town Community Centre",,40,0,1018.9,34.68,17,8,17,21
08/02/2014,"Café Liber'thé. Tunis",,9,5,287.19,6.9,6,1,2,24
08/02/2014,"Alba, CN, Italia",,0,1,0,0,0,0,0,12
01/02/2014,"The Redmond Centre, Manor House",,23,8,429.21,12.97,12,19,1,33
29/01/2014,"Southwyck House",,30,0,508.4,20.57,13,0,6,21
25/01/2014,Castlehaven,,30,0,334.18,14.29,11,2,14,21
18/01/2014,"Centre des Arts Vivants de Radès",,10,4,297.45,16.62,6,1,0,21
15/12/2013,"Steeles Pub",,30,0,491.16,19.46,10,3,5,21
14/12/2013,"Ciné Mad'Art. Carthage Dermech",,12,4,121.66,16.49,6,1,0,21
07/12/2013,"Southwyck House",,25,0,632.6,29.45,8,5,4,21
24/11/2013,"Stecca degli artigiano Via G. De Castillia, 26, 20124 Milano MI",,25,9,705.62,35.49,7,1,1,36
16/11/2013,"Passing Clouds",,23,8,561.37,24.06,10,23,0,33
16/11/2013,"Bra, CN, Italia",,0,1,0,0,0,0,0,12
12/11/2013,"Heath St Church",,25,0,717.48,52.48,8,4,4,21
10/11/2013,"St Matthews",,25,0,472.39,44.53,8,2,4,21
19/10/2013,"Firebox Cafe",,30,0,597.52,23.09,9,7,13,21
26/09/2013,"Heath St Church",,25,0,189.23,16.4,6,2,9,21
14/09/2013,"Arcola Theatre",,25,0,770.7,44.86,10,6,8,21
18/08/2013,Hackerspace,,35,0,423.24,32.03,7,6,18,21
10/08/2013,"Makerfaire Manchester",,10,3,142.16,6.45,7,2,3,18
31/07/2013,"Belsize Library",,45,0,195.34,14.61,5,18,13,21
06/07/2013,,,20,0,284.36,21.19,4,2,6,21
19/06/2013,#Futuremaker,,15,4,116,21.95,3,2,4,21
08/06/2013,"Goldsmiths University",,7,3,143.99,9,1,0,0,18
08/06/2013,"Goodlife Centre",,73,3,0,0,1,0,0,18
04/06/2013,"Camden Town Shed",,7,3,143.99,9,1,0,0,18
19/05/2013,"Herne Hill Market",,10,3,191.99,12,1,0,0,18
01/05/2013,"3space Blackfriars",,10,3,191.99,12,1,0,0,18
27/04/2013,"Mini Makerfaire London",,16,3,319.98,20,1,0,0,18
25/04/2013,"London College of Communication",,16,3,319.98,20,1,0,0,18
06/04/2013,"Dartmouth Park ",,16,3,319.98,20,1,0,0,18
16/03/2013,Sutton,,7,3,143.99,9,1,0,0,18
07/03/2013,"Central Saint Martins",,16,3,319.98,20,1,0,0,18
05/03/2013,"Primrose Hill Community Centre",,16,3,319.98,20,1,0,0,18
10/02/2013,"Goodlife Centre",,16,3,319.98,20,1,0,0,18
02/02/2013,Brightsparks,,7,3,143.99,9,1,0,0,18
26/01/2013,"Good for Nothing",,10,3,191.99,12,1,0,0,18
23/01/2013,"Transition Town Brixton",,7,3,143.99,9,1,0,0,18
16/12/2012,"Sunshine Int'l Arts Cafe",,16,3,319.98,20,1,0,0,18
15/12/2012,"Belsize Library",,10,3,191.99,12,1,0,0,18
08/12/2012,"Willesden Green Library",,10,3,191.99,12,1,0,0,18
03/11/2012,,,16,3,319.98,20,1,0,0,18
20/10/2012,"Swiss Cottage Library",,16,3,319.98,20,1,0,0,18
18/10/2012,"Transition Town Brixton",,16,3,319.98,20,1,0,0,18
10/10/2012,"Willesden Green Library",,7,3,143.99,9,1,0,0,18
30/09/2012,"Goodlife Centre",,10,3,191.99,12,1,0,0,18
14/08/2012,"Belsize Library",,16,3,319.98,20,1,0,0,18
11/07/2012,"Belsize Library",,16,3,319.98,20,1,0,0,18
21/06/2012,"Hoxton Square, London",,7,3,143.99,9,1,0,0,18
30/11/-0001,,,0,1,0,0,0,0,0,12
30/11/-0001,,,0,1,0,0,0,0,0,12
30/11/-0001,,,0,1,0,0,0,0,0,12
30/11/-0001,,,0,1,0,0,0,0,0,12
30/11/-0001,,,0,1,0,0,0,0,0,12
30/11/-0001,"LDC Kassei",,0,1,0,0,0,0,0,12
